Rank,Station,Code,Scale,rho_1,Sig_AC,Correction_Factor,n_eff,Lag_parsed,MK_Z,PW_Z,dZ_PW,MK_sig,PW_sig,Sig_changed_PW,Delta_Z_pct_PW
1,500005,S5,Wet Season (May–Oct),0.4555,Yes*,1.032119481455827,32.94192253017283,k=1(ρ=+0.360),-2.1051,-0.9761,1.129,*,ns,True,53.63
2,500006,S6,Wet Season (May–Oct),0.5478,Yes*,1.033311336075184,32.90392625434833,k=1(ρ=+0.376),-2.1644,-1.1931,0.9713,*,ns,True,44.88
3,500006,S6,Dry Season (Nov–Apr),0.3642,Yes*,1.098407255767618,30.04350146698373,k=2(ρ=+0.405); k=6(ρ=+0.350),3.0834,2.2217,-0.8617,**,*,False,-27.95
4,500003,S3,Wet Season (May–Oct),0.5827,Yes*,1.029127931652926,33.03768069475208,k=1(ρ=+0.582); k=2(ρ=+0.361); k=9(ρ=−0.432); k=10(ρ=−0.351),-1.8679,-1.0071,0.8608,ns,ns,False,46.08
5,500004,S4,Dry Season (Nov–Apr),0.3536,Yes*,1.032126695881812,31.9728189685143,k=6(ρ=+0.384); k=10(ρ=−0.479),2.1537,1.4757,-0.678,*,ns,True,-31.48
6,500003,S3,Annual (Jan–Dec),0.4739,Yes*,1.0,34.0,k=1(ρ=+0.471); k=9(ρ=−0.494),-1.4528,-0.7902,0.6626,ns,ns,False,45.61
